Name,Title,Department,Salary,Age,Gender,Email,Phone Number,Hire Date
John Doe,Software Engineer,Engineering,80000,35,Male,johndoe@example.com,123-456-7890,2015-06-23
Jane Smith,Marketing Manager,Marketing,90000,42,Female,janesmith@example.com,234-567-8901,2010-03-15
Michael Johnson,Accountant,Finance,75000,38,Male,michaeljohnson@example.com,345-678-9012,2018-09-10
Emily Wang,HR Coordinator,Human Resources,60000,30,Female,emilywang@example.com,456-789-0123,2019-11-28
Sarah Lee,Graphic Designer,Marketing,65000,29,Female,sarahlee@example.com,567-890-1234,2017-04-05
Chris Brown,Project Manager,Engineering,85000,45,Male,chrisbrown@example.com,678-901-2345,2014-08-20
Emma Garcia,Data Analyst,Finance,70000,33,Female,emmagarcia@example.com,789-012-3456,2016-02-14
David Rodriguez,Software Engineer,Engineering,80000,36,Male,davidrodriguez@example.com,890-123-4567,2013-10-30
Sophia Martinez,Marketing Coordinator,Marketing,60000,31,Female,sophiamartinez@example.com,901-234-5678,2019-05-18
Matthew Hernandez,Software Engineer,Engineering,80000,34,Male,matthewhernandez@example.com,012-345-6789,2012-07-12
Olivia Lopez,Marketing Manager,Marketing,90000,40,Female,olivialopez@example.com,123-456-7890,2011-09-24
Ethan Gonzales,Software Engineer,Engineering,80000,37,Male,ethangonzales@example.com,234-567-8901,2014-03-08
Ava Wilson,HR Manager,Human Resources,95000,48,Female,avawilson@example.com,345-678-9012,2009-12-03
Noah Perez,Software Engineer,Engineering,80000,32,Male,noahperez@example.com,456-789-0123,2016-11-01
Isabella Flores,Financial Analyst,Finance,75000,39,Female,isabellaflores@example.com,567-890-1234,2017-08-14
William Wood,Software Engineer,Engineering,80000,33,Male,williamwood@example.com,678-901-2345,2013-04-19
Sophia Adams,Marketing Coordinator,Marketing,60000,28,Female,sophiaadams@example.com,789-012-3456,2020-02-22
James Green,Project Manager,Engineering,85000,44,Male,jamesgreen@example.com,901-234-5678,2015-06-07
Olivia King,Data Analyst,Finance,70000,36,Female,oliviaking@example.com,012-345-6789,2018-03-25
John Doe,Software Engineer,Engineering,80000,35,Male,johndoe@example.com,123-456-7890,2015-06-23
Jane Smith,Marketing Manager,Marketing,90000,42,Female,janesmith@example.com,234-567-8901,2010-03-15
Michael Johnson,Accountant,Finance,75000,38,Male,michaeljohnson@example.com,345-678-9012,2018-09-10
Emily Wang,HR Coordinator,Human Resources,60000,30,Female,emilywang@example.com,456-789-0123,2019-11-28
Sarah Lee,Graphic Designer,Marketing,65000,29,Female,sarahlee@example.com,567-890-1234,2017-04-05
Chris Brown,Project Manager,Engineering,85000,45,Male,chrisbrown@example.com,678-901-2345,2014-08-20
Emma Garcia,Data Analyst,Finance,70000,33,Female,emmagarcia@example.com,789-012-3456,2016-02-14
David Rodriguez,Software Engineer,Engineering,80000,36,Male,davidrodriguez@example.com,890-123-4567,2013-10-30
Sophia Martinez,Marketing Coordinator,Marketing,60000,31,Female,sophiamartinez@example.com,901-234-5678,2019-05-18
Matthew Hernandez,Software Engineer,Engineering,80000,34,Male,matthewhernandez@example.com,012-345-6789,2012-07-12
Olivia Lopez,Marketing Manager,Marketing,90000,40,Female,olivialopez@example.com,123-456-7890,2011-09-24
Ethan Gonzales,Software Engineer,Engineering,80000,37,Male,ethangonzales@example.com,234-567-8901,2014-03-08
Ava Wilson,HR Manager,Human Resources,95000,48,Female,avawilson@example.com,345-678-9012,2009-12-03
Noah Perez,Software Engineer,Engineering,80000,32,Male,noahperez@example.com,456-789-0123,2016-11-01
Isabella Flores,Financial Analyst,Finance,75000,39,Female,isabellaflores@example.com,567-890-1234,2017-08-14
William Wood,Software Engineer,Engineering,80000,33,Male,williamwood@example.com,678-901-2345,2013-04-19
Sophia Adams,Marketing Coordinator,Marketing,60000,28,Female,sophiaadams@example.com,789-012-3456,2020-02-22
James Green,Project Manager,Engineering,85000,44,Male,jamesgreen@example.com,901-234-5678,2015-06-07
Olivia King,Data Analyst,Finance,70000,36,Female,oliviaking@example.com,012-345-6789,2018-03-25

